user_name,repo_name,repo_url,stars,filename,Unnamed: 0,title,description,url
mrdoob,three.js,https://github.com/mrdoob/three.js,102000.0,3D,,,,
pmndrs,react-three-fiber,https://github.com/pmndrs/react-three-fiber,27400.0,3D,,,,
libgdx,libgdx,https://github.com/libgdx/libgdx,23300.0,3D,,,,
BabylonJS,Babylon.js,https://github.com/BabylonJS/Babylon.js,23200.0,3D,,,,
ssloy,tinyrenderer,https://github.com/ssloy/tinyrenderer,20500.0,3D,,,,
FreeCAD,FreeCAD,https://github.com/FreeCAD/FreeCAD,19600.0,3D,,,,
lettier,3d-game-shaders-for-beginners,https://github.com/lettier/3d-game-shaders-for-beginners,17900.0,3D,,,,
aframevr,aframe,https://github.com/aframevr/aframe,16700.0,3D,,,,
blender,blender,https://github.com/blender/blender,13200.0,3D,,,,
CesiumGS,cesium,https://github.com/CesiumGS/cesium,12900.0,3D,,,,
MonoGame,MonoGame,https://github.com/MonoGame/MonoGame,11500.0,3D,,,,
isl-org,Open3D,https://github.com/isl-org/Open3D,11400.0,3D,,,,
mapbox,mapbox-gl-js,https://github.com/mapbox/mapbox-gl-js,11200.0,3D,,,,
4ian,GDevelop,https://github.com/4ian/GDevelop,11000.0,3D,,,,
metafizzy,zdog,https://github.com/metafizzy/zdog,10400.0,3D,,,,
timzhang642,3D-Machine-Learning,https://github.com/timzhang642/3D-Machine-Learning,9800.0,3D,,,,
nerfstudio-project,nerfstudio,https://github.com/nerfstudio-project/nerfstudio,9500.0,3D,,,,
cocos,cocos-engine,https://github.com/cocos/cocos-engine,8200.0,3D,,,,
FyroxEngine,Fyrox,https://github.com/FyroxEngine/Fyrox,7700.0,3D,,,,
domlysz,BlenderGIS,https://github.com/domlysz/BlenderGIS,7700.0,3D,,,,
ljianshu,Blog,https://github.com/ljianshu/Blog,7900.0,Ajax,,,,
metafizzy,infinite-scroll,https://github.com/metafizzy/infinite-scroll,7400.0,Ajax,,,,
olifolkerd,tabulator,https://github.com/olifolkerd/tabulator,6700.0,Ajax,,,,
developit,unfetch,https://github.com/developit/unfetch,5700.0,Ajax,,,,
jquery-form,form,https://github.com/jquery-form/form,5200.0,Ajax,,,,
elbywan,wretch,https://github.com/elbywan/wretch,4800.0,Ajax,,,,
Studio-42,elFinder,https://github.com/Studio-42/elFinder,4700.0,Ajax,,,,
dwyl,learn-to-send-email-via-google-script-html-no-server,https://github.com/dwyl/learn-to-send-email-via-google-script-html-no-server,3100.0,Ajax,,,,
ded,reqwest,https://github.com/ded/reqwest,2900.0,Ajax,,,,
wendux,ajax-hook,https://github.com/wendux/ajax-hook,2600.0,Ajax,,,,
LeaVerou,bliss,https://github.com/LeaVerou/bliss,2400.0,Ajax,,,,
noelboss,featherlight,https://github.com/noelboss/featherlight,2100.0,Ajax,,,,
k8w,tsrpc,https://github.com/k8w/tsrpc,1900.0,Ajax,,,,
craftpip,jquery-confirm,https://github.com/craftpip/jquery-confirm,1900.0,Ajax,,,,
nette,tracy,https://github.com/nette/tracy,1800.0,Ajax,,,,
taoensso,sente,https://github.com/taoensso/sente,1700.0,Ajax,,,,
loadingio,css-spinner,https://github.com/loadingio/css-spinner,1700.0,Ajax,,,,
joaomilho,Enterprise,https://github.com/joaomilho/Enterprise,1600.0,Ajax,,,,
codingforentrepreneurs,eCommerce,https://github.com/codingforentrepreneurs/eCommerce,1600.0,Ajax,,,,
MoOx,pjax,https://github.com/MoOx/pjax,1400.0,Ajax,,,,
jwasham,coding-interview-university,https://github.com/jwasham/coding-interview-university,306000.0,Algorithm,,,,
TheAlgorithms,Python,https://github.com/TheAlgorithms/Python,194000.0,Algorithm,,,,
trekhleb,javascript-algorithms,https://github.com/trekhleb/javascript-algorithms,188000.0,Algorithm,,,,
CyC2018,CS-Notes,https://github.com/CyC2018/CS-Notes,177000.0,Algorithm,,,,
yangshun,tech-interview-handbook,https://github.com/yangshun/tech-interview-handbook,118000.0,Algorithm,,,,
krahets,hello-algo,https://github.com/krahets/hello-algo,97900.0,Algorithm,,,,
kdn251,interviews,https://github.com/kdn251/interviews,63600.0,Algorithm,,,,
TheAlgorithms,Java,https://github.com/TheAlgorithms/Java,59900.0,Algorithm,,,,
azl397985856,leetcode,https://github.com/azl397985856/leetcode,54700.0,Algorithm,,,,
youngyangyang04,leetcode-master,https://github.com/youngyangyang04/leetcode-master,51600.0,Algorithm,,,,
algorithm-visualizer,algorithm-visualizer,https://github.com/algorithm-visualizer/algorithm-visualizer,46700.0,Algorithm,,,,
huihut,interview,https://github.com/huihut/interview,34800.0,Algorithm,,,,
halfrost,LeetCode-Go,https://github.com/halfrost/LeetCode-Go,32900.0,Algorithm,,,,
TheAlgorithms,JavaScript,https://github.com/TheAlgorithms/JavaScript,32500.0,Algorithm,,,,
TheAlgorithms,C-Plus-Plus,https://github.com/TheAlgorithms/C-Plus-Plus,30600.0,Algorithm,,,,
donnemartin,interactive-coding-challenges,https://github.com/donnemartin/interactive-coding-challenges,29500.0,Algorithm,,,,
crossoverJie,JCSprout,https://github.com/crossoverJie/JCSprout,27100.0,Algorithm,,,,
keon,algorithms,https://github.com/keon/algorithms,24000.0,Algorithm,,,,
mxgmn,WaveFunctionCollapse,https://github.com/mxgmn/WaveFunctionCollapse,23300.0,Algorithm,,,,
AtsushiSakai,PythonRobotics,https://github.com/AtsushiSakai/PythonRobotics,23300.0,Algorithm,,,,
bregman-arie,devops-exercises,https://github.com/bregman-arie/devops-exercises,66500.0,Amazon Web Services,,,,
ByteByteGoHq,system-design-101,https://github.com/ByteByteGoHq/system-design-101,64000.0,Amazon Web Services,,,,
localstack,localstack,https://github.com/localstack/localstack,56100.0,Amazon Web Services,,,,
serverless,serverless,https://github.com/serverless/serverless,46500.0,Amazon Web Services,,,,
donnemartin,data-science-ipython-notebooks,https://github.com/donnemartin/data-science-ipython-notebooks,27400.0,Amazon Web Services,,,,
pulumi,pulumi,https://github.com/pulumi/pulumi,21700.0,Amazon Web Services,,,,
danny-avila,LibreChat,https://github.com/danny-avila/LibreChat,18500.0,Amazon Web Services,,,,
getsops,sops,https://github.com/getsops/sops,16900.0,Amazon Web Services,,,,
kubernetes-sigs,kubespray,https://github.com/kubernetes-sigs/kubespray,16100.0,Amazon Web Services,,,,
aws,aws-cli,https://github.com/aws/aws-cli,15500.0,Amazon Web Services,,,,
ramitsurana,awesome-kubernetes,https://github.com/ramitsurana/awesome-kubernetes,15100.0,Amazon Web Services,,,,
caprover,caprover,https://github.com/caprover/caprover,13200.0,Amazon Web Services,,,,
GoogleCloudPlatform,terraformer,https://github.com/GoogleCloudPlatform/terraformer,12600.0,Amazon Web Services,,,,
donnemartin,awesome-aws,https://github.com/donnemartin/awesome-aws,12500.0,Amazon Web Services,,,,
milanm,DevOps-Roadmap,https://github.com/milanm/DevOps-Roadmap,12300.0,Amazon Web Services,,,,
aws,aws-cdk,https://github.com/aws/aws-cdk,11600.0,Amazon Web Services,,,,
infracost,infracost,https://github.com/infracost/infracost,11000.0,Amazon Web Services,,,,
apereo,cas,https://github.com/apereo/cas,10900.0,Amazon Web Services,,,,
prowler-cloud,prowler,https://github.com/prowler-cloud/prowler,10800.0,Amazon Web Services,,,,
aws,chalice,https://github.com/aws/chalice,10700.0,Amazon Web Services,,,,
amphp,amp,https://github.com/amphp/amp,4200.0,Amp,,,,
danog,MadelineProto,https://github.com/danog/MadelineProto,2900.0,Amp,,,,
unreal4u,telegram-api,https://github.com/unreal4u/telegram-api,791.0,Amp,,,,
amphp,parallel,https://github.com/amphp/parallel,786.0,Amp,,,,
amphp,http-client,https://github.com/amphp/http-client,701.0,Amp,,,,
amphp,byte-stream,https://github.com/amphp/byte-stream,367.0,Amp,,,,
amphp,mysql,https://github.com/amphp/mysql,358.0,Amp,,,,
php-service-bus,service-bus,https://github.com/php-service-bus/service-bus,349.0,Amp,,,,
amphp,parallel-functions,https://github.com/amphp/parallel-functions,271.0,Amp,,,,
xtrime-ru,TelegramRSS,https://github.com/xtrime-ru/TelegramRSS,239.0,Amp,,,,
amphp,socket,https://github.com/amphp/socket,230.0,Amp,,,,
amphp,process,https://github.com/amphp/process,229.0,Amp,,,,
amphp,sync,https://github.com/amphp/sync,161.0,Amp,,,,
amphp,redis,https://github.com/amphp/redis,156.0,Amp,,,,
amphp,dns,https://github.com/amphp/dns,157.0,Amp,,,,
amphp,websocket-client,https://github.com/amphp/websocket-client,145.0,Amp,,,,
kelunik,acme,https://github.com/kelunik/acme,121.0,Amp,,,,
amphp,websocket-server,https://github.com/amphp/websocket-server,115.0,Amp,,,,
amphp,serialization,https://github.com/amphp/serialization,110.0,Amp,,,,
amphp,cache,https://github.com/amphp/cache,99.0,Amp,,,,
flutter,flutter,https://github.com/flutter/flutter,166000.0,Android,,,,
facebook,react-native,https://github.com/facebook/react-native,119000.0,Android,,,,
justjavac,free-programming-books-zh_CN,https://github.com/justjavac/free-programming-books-zh_CN,112000.0,Android,,,,
Genymobile,scrcpy,https://github.com/Genymobile/scrcpy,111000.0,Android,,,,
Hack-with-Github,Awesome-Hacking,https://github.com/Hack-with-Github/Awesome-Hacking,84500.0,Android,,,,
Solido,awesome-flutter,https://github.com/Solido/awesome-flutter,53600.0,Android,,,,
tldr-pages,tldr,https://github.com/tldr-pages/tldr,51000.0,Android,,,,
google,material-design-icons,https://github.com/google/material-design-icons,50600.0,Android,,,,
wasabeef,awesome-android-ui,https://github.com/wasabeef/awesome-android-ui,50600.0,Android,,,,
square,okhttp,https://github.com/square/okhttp,45800.0,Android,,,,
laurent22,joplin,https://github.com/laurent22/joplin,45800.0,Android,,,,
appwrite,appwrite,https://github.com/appwrite/appwrite,45100.0,Android,,,,
android,architecture-samples,https://github.com/android/architecture-samples,44500.0,Android,,,,
square,retrofit,https://github.com/square/retrofit,43100.0,Android,,,,
skylot,jadx,https://github.com/skylot/jadx,41500.0,Android,,,,
dcloudio,uni-app,https://github.com/dcloudio/uni-app,40100.0,Android,,,,
fastlane,fastlane,https://github.com/fastlane/fastlane,39600.0,Android,,,,
PhilJay,MPAndroidChart,https://github.com/PhilJay/MPAndroidChart,37600.0,Android,,,,
termux,termux-app,https://github.com/termux/termux-app,36000.0,Android,,,,
2dust,v2rayNG,https://github.com/2dust/v2rayNG,35600.0,Android,,,,
justjavac,free-programming-books-zh_CN,https://github.com/justjavac/free-programming-books-zh_CN,112000.0,Angular,,,,
angular,angular,https://github.com/angular/angular,96100.0,Angular,,,,
storybookjs,storybook,https://github.com/storybookjs/storybook,84500.0,Angular,,,,
leonardomso,33-js-concepts,https://github.com/leonardomso/33-js-concepts,63700.0,Angular,,,,
ionic-team,ionic-framework,https://github.com/ionic-team/ionic-framework,51000.0,Angular,,,,
prettier,prettier,https://github.com/prettier/prettier,49400.0,Angular,,,,
Asabeneh,30-Days-Of-JavaScript,https://github.com/Asabeneh/30-Days-Of-JavaScript,43200.0,Angular,,,,
SheetJS,sheetjs,https://github.com/SheetJS/sheetjs,35100.0,Angular,,,,
angular,angular-cli,https://github.com/angular/angular-cli,26800.0,Angular,,,,
wailsapp,wails,https://github.com/wailsapp/wails,25200.0,Angular,,,,
angular,components,https://github.com/angular/components,24400.0,Angular,,,,
NativeScript,NativeScript,https://github.com/NativeScript/NativeScript,24200.0,Angular,,,,
goldbergyoni,javascript-testing-best-practices,https://github.com/goldbergyoni/javascript-testing-best-practices,24100.0,Angular,,,,
sudheerj,javascript-interview-questions,https://github.com/sudheerj/javascript-interview-questions,24000.0,Angular,,,,
nrwl,nx,https://github.com/nrwl/nx,23600.0,Angular,,,,
pubkey,rxdb,https://github.com/pubkey/rxdb,21600.0,Angular,,,,
jhipster,generator-jhipster,https://github.com/jhipster/generator-jhipster,21500.0,Angular,,,,
paperless-ngx,paperless-ngx,https://github.com/paperless-ngx/paperless-ngx,20600.0,Angular,,,,
teambit,bit,https://github.com/teambit/bit,17900.0,Angular,,,,
sweetalert2,sweetalert2,https://github.com/sweetalert2/sweetalert2,17300.0,Angular,,,,
bregman-arie,devops-exercises,https://github.com/bregman-arie/devops-exercises,66500.0,ansible,,,,
ansible,ansible,https://github.com/ansible/ansible,62800.0,ansible,,,,
trailofbits,algo,https://github.com/trailofbits/algo,28900.0,ansible,,,,
MichaelCade,90DaysOfDevOps,https://github.com/MichaelCade/90DaysOfDevOps,27200.0,ansible,,,,
StreisandEffect,streisand,https://github.com/StreisandEffect/streisand,23200.0,ansible,,,,
kubernetes-sigs,kubespray,https://github.com/kubernetes-sigs/kubespray,16100.0,ansible,,,,
ansible,awx,https://github.com/ansible/awx,14000.0,ansible,,,,
semaphoreui,semaphore,https://github.com/semaphoreui/semaphore,10500.0,ansible,,,,
easzlab,kubeasz,https://github.com/easzlab/kubeasz,10500.0,ansible,,,,
netbootxyz,netboot.xyz,https://github.com/netbootxyz/netboot.xyz,9200.0,ansible,,,,
geerlingguy,ansible-for-devops,https://github.com/geerlingguy/ansible-for-devops,8400.0,ansible,,,,
khuedoan,homelab,https://github.com/khuedoan/homelab,8200.0,ansible,,,,
Tikam02,DevOps-Guide,https://github.com/Tikam02/DevOps-Guide,8200.0,ansible,,,,
geerlingguy,mac-dev-playbook,https://github.com/geerlingguy/mac-dev-playbook,6000.0,ansible,,,,
rundeck,rundeck,https://github.com/rundeck/rundeck,5500.0,ansible,,,,
Orange-Cyberdefense,GOAD,https://github.com/Orange-Cyberdefense/GOAD,5300.0,ansible,,,,
KubeOperator,KubeOperator,https://github.com/KubeOperator/KubeOperator,5000.0,ansible,,,,
ChristianLempa,boilerplates,https://github.com/ChristianLempa/boilerplates,4700.0,ansible,,,,
clong,DetectionLab,https://github.com/clong/DetectionLab,4600.0,ansible,,,,
dev-sec,ansible-collection-hardening,https://github.com/dev-sec/ansible-collection-hardening,4000.0,ansible,,,,
public-apis,public-apis,https://github.com/public-apis/public-apis,316000.0,API,,,,
neovim,neovim,https://github.com/neovim/neovim,82900.0,API,,,,
fastapi,fastapi,https://github.com/fastapi/fastapi,77100.0,API,,,,
hoppscotch,hoppscotch,https://github.com/hoppscotch/hoppscotch,65099.0,API,,,,
strapi,strapi,https://github.com/strapi/strapi,63600.0,API,,,,
ocornut,imgui,https://github.com/ocornut/imgui,60900.0,API,,,,
QuivrHQ,quivr,https://github.com/QuivrHQ/quivr,36500.0,API,,,,
slatedocs,slate,https://github.com/slatedocs/slate,36100.0,API,,,,
trpc,trpc,https://github.com/trpc/trpc,34900.0,API,,,,
Kong,insomnia,https://github.com/Kong/insomnia,34700.0,API,,,,
httpie,cli,https://github.com/httpie/cli,33800.0,API,,,,
ccxt,ccxt,https://github.com/ccxt/ccxt,32900.0,API,,,,
hasura,graphql-engine,https://github.com/hasura/graphql-engine,31200.0,API,,,,
Binaryify,NeteaseCloudMusicApi,https://github.com/Binaryify/NeteaseCloudMusicApi,30300.0,API,,,,
encode,django-rest-framework,https://github.com/encode/django-rest-framework,28400.0,API,,,,
directus,directus,https://github.com/directus/directus,27900.0,API,,,,
YMFE,yapi,https://github.com/YMFE/yapi,27400.0,API,,,,
littlecodersh,ItChat,https://github.com/littlecodersh/ItChat,25600.0,API,,,,
mudler,LocalAI,https://github.com/mudler/LocalAI,24300.0,API,,,,
PostgREST,postgrest,https://github.com/PostgREST/postgrest,23400.0,API,,,,
arendst,Tasmota,https://github.com/arendst/Tasmota,22200.0,Arduino,,,,
MarlinFirmware,Marlin,https://github.com/MarlinFirmware/Marlin,16300.0,Arduino,,,,
tinygo-org,tinygo,https://github.com/tinygo-org/tinygo,15400.0,Arduino,,,,
arduino,Arduino,https://github.com/arduino/Arduino,14100.0,Arduino,,,,
espressif,arduino-esp32,https://github.com/espressif/arduino-esp32,13600.0,Arduino,,,,
SpacehuhnTech,esp8266_deauther,https://github.com/SpacehuhnTech/esp8266_deauther,13500.0,Arduino,,,,
rwaldron,johnny-five,https://github.com/rwaldron/johnny-five,13300.0,Arduino,,,,
gurugio,lowlevelprogramming-university,https://github.com/gurugio/lowlevelprogramming-university,10300.0,Arduino,,,,
hybridgroup,gobot,https://github.com/hybridgroup/gobot,8900.0,Arduino,,,,
platformio,platformio-core,https://github.com/platformio/platformio-core,7900.0,Arduino,,,,
bblanchon,ArduinoJson,https://github.com/bblanchon/ArduinoJson,6700.0,Arduino,,,,
tzapu,WiFiManager,https://github.com/tzapu/WiFiManager,6600.0,Arduino,,,,
justcallmekoko,ESP32Marauder,https://github.com/justcallmekoko/ESP32Marauder,5700.0,Arduino,,,,
olikraus,u8g2,https://github.com/olikraus/u8g2,5100.0,Arduino,,,,
omriharel,deej,https://github.com/omriharel/deej,4800.0,Arduino,,,,
ClemensElflein,OpenMower,https://github.com/ClemensElflein/OpenMower,4700.0,Arduino,,,,
Arduino-IRremote,Arduino-IRremote,https://github.com/Arduino-IRremote/Arduino-IRremote,4500.0,Arduino,,,,
Serial-Studio,Serial-Studio,https://github.com/Serial-Studio/Serial-Studio,4400.0,Arduino,,,,
arduino,arduino-cli,https://github.com/arduino/arduino-cli,4400.0,Arduino,,,,
hybridgroup,cylon,https://github.com/hybridgroup/cylon,4200.0,Arduino,,,,
bitwarden,server,https://github.com/bitwarden/server,15600.0,ASP.NET,,,,
abpframework,abp,https://github.com/abpframework/abp,12900.0,ASP.NET,,,,
dotnet,AspNetCore.Docs,https://github.com/dotnet/AspNetCore.Docs,12600.0,ASP.NET,,,,
aspnetboilerplate,aspnetboilerplate,https://github.com/aspnetboilerplate/aspnetboilerplate,11800.0,ASP.NET,,,,
nopSolutions,nopCommerce,https://github.com/nopSolutions/nopCommerce,9300.0,ASP.NET,,,,
ElectronNET,Electron.NET,https://github.com/ElectronNET/Electron.NET,7300.0,ASP.NET,,,,
thangchung,clean-code-dotnet,https://github.com/thangchung/clean-code-dotnet,7100.0,ASP.NET,,,,
RicoSuter,NSwag,https://github.com/RicoSuter/NSwag,6800.0,ASP.NET,,,,
FastEndpoints,FastEndpoints,https://github.com/FastEndpoints/FastEndpoints,4600.0,ASP.NET,,,,
dotnet,aspnet-api-versioning,https://github.com/dotnet/aspnet-api-versioning,3100.0,ASP.NET,,,,
mjebrahimi,Awesome-Microservices-DotNet,https://github.com/mjebrahimi/Awesome-Microservices-DotNet,2800.0,ASP.NET,,,,
smartstore,SmartStoreNET,https://github.com/smartstore/SmartStoreNET,2600.0,ASP.NET,,,,
loic-sharma,BaGet,https://github.com/loic-sharma/BaGet,2600.0,ASP.NET,,,,
serenity-is,Serenity,https://github.com/serenity-is/Serenity,2600.0,ASP.NET,,,,
JimBobSquarePants,ImageProcessor,https://github.com/JimBobSquarePants/ImageProcessor,2500.0,ASP.NET,,,,
milanm,DotNet-Developer-Roadmap,https://github.com/milanm/DotNet-Developer-Roadmap,2000.0,ASP.NET,,,,
TrilonIO,aspnetcore-angular-universal,https://github.com/TrilonIO/aspnetcore-angular-universal,1500.0,ASP.NET,,,,
MarimerLLC,csla,https://github.com/MarimerLLC/csla,1300.0,ASP.NET,,,,
TrilonIO,aspnetcore-Vue-starter,https://github.com/TrilonIO/aspnetcore-Vue-starter,1200.0,ASP.NET,,,,
smartstore,Smartstore,https://github.com/smartstore/Smartstore,1200.0,ASP.NET,,,,
sindresorhus,awesome,https://github.com/sindresorhus/awesome,331000.0,Awesome Lists,,,,
vinta,awesome-python,https://github.com/vinta/awesome-python,223000.0,Awesome Lists,,,,
awesome-selfhosted,awesome-selfhosted,https://github.com/awesome-selfhosted/awesome-selfhosted,201000.0,Awesome Lists,,,,
trimstray,the-book-of-secret-knowledge,https://github.com/trimstray/the-book-of-secret-knowledge,147000.0,Awesome Lists,,,,
avelino,awesome-go,https://github.com/avelino/awesome-go,132000.0,Awesome Lists,,,,
521xueweihan,HelloGitHub,https://github.com/521xueweihan/HelloGitHub,92500.0,Awesome Lists,,,,
papers-we-love,papers-we-love,https://github.com/papers-we-love/papers-we-love,87800.0,Awesome Lists,,,,
Hack-with-Github,Awesome-Hacking,https://github.com/Hack-with-Github/Awesome-Hacking,84500.0,Awesome Lists,,,,
jaywcjlove,awesome-mac,https://github.com/jaywcjlove/awesome-mac,76500.0,Awesome Lists,,,,
DopplerHQ,awesome-interview-questions,https://github.com/DopplerHQ/awesome-interview-questions,71200.0,Awesome Lists,,,,
MunGell,awesome-for-beginners,https://github.com/MunGell/awesome-for-beginners,68800.0,Awesome Lists,,,,
enaqx,awesome-react,https://github.com/enaqx/awesome-react,65300.0,Awesome Lists,,,,
fffaraz,awesome-cpp,https://github.com/fffaraz/awesome-cpp,59600.0,Awesome Lists,,,,
binhnguyennus,awesome-scalability,https://github.com/binhnguyennus/awesome-scalability,58800.0,Awesome Lists,,,,
sindresorhus,awesome-nodejs,https://github.com/sindresorhus/awesome-nodejs,58400.0,Awesome Lists,,,,
prakhar1989,awesome-courses,https://github.com/prakhar1989/awesome-courses,57200.0,Awesome Lists,,,,
Solido,awesome-flutter,https://github.com/Solido/awesome-flutter,53600.0,Awesome Lists,,,,
wasabeef,awesome-android-ui,https://github.com/wasabeef/awesome-android-ui,50600.0,Awesome Lists,,,,
tiimgreen,github-cheat-sheet,https://github.com/tiimgreen/github-cheat-sheet,48200.0,Awesome Lists,,,,
vsouza,awesome-ios,https://github.com/vsouza/awesome-ios,47300.0,Awesome Lists,,,,
bregman-arie,devops-exercises,https://github.com/bregman-arie/devops-exercises,66500.0,Azure,,,,
microsoft,generative-ai-for-beginners,https://github.com/microsoft/generative-ai-for-beginners,64599.0,Azure,,,,
pulumi,pulumi,https://github.com/pulumi/pulumi,21700.0,Azure,,,,
danny-avila,LibreChat,https://github.com/danny-avila/LibreChat,18500.0,Azure,,,,
getsops,sops,https://github.com/getsops/sops,16900.0,Azure,,,,
ramitsurana,awesome-kubernetes,https://github.com/ramitsurana/awesome-kubernetes,15100.0,Azure,,,,
Azure,azure-quickstart-templates,https://github.com/Azure/azure-quickstart-templates,14000.0,Azure,,,,
caprover,caprover,https://github.com/caprover/caprover,13200.0,Azure,,,,
milanm,DevOps-Roadmap,https://github.com/milanm/DevOps-Roadmap,12300.0,Azure,,,,
infracost,infracost,https://github.com/infracost/infracost,11000.0,Azure,,,,
prowler-cloud,prowler,https://github.com/prowler-cloud/prowler,10800.0,Azure,,,,
budtmo,docker-android,https://github.com/budtmo/docker-android,9700.0,Azure,,,,
google,go-cloud,https://github.com/google/go-cloud,9600.0,Azure,,,,
microsoft,computervision-recipes,https://github.com/microsoft/computervision-recipes,9500.0,Azure,,,,
Netflix,metaflow,https://github.com/Netflix/metaflow,8200.0,Azure,,,,
microsoft,azuredatastudio,https://github.com/microsoft/azuredatastudio,7600.0,Azure,,,,
midwayjs,midway,https://github.com/midwayjs/midway,7400.0,Azure,,,,
thangchung,clean-code-dotnet,https://github.com/thangchung/clean-code-dotnet,7100.0,Azure,,,,
bridgecrewio,checkov,https://github.com/bridgecrewio/checkov,7100.0,Azure,,,,
node-formidable,formidable,https://github.com/node-formidable/formidable,7100.0,Azure,,,,
babel,babel,https://github.com/babel/babel,43200.0,Babel,,,,
swc-project,swc,https://github.com/swc-project/swc,31200.0,Babel,,,,
nylas,nylas-mail,https://github.com/nylas/nylas-mail,24800.0,Babel,,,,
electron-react-boilerplate,electron-react-boilerplate,https://github.com/electron-react-boilerplate/electron-react-boilerplate,23300.0,Babel,,,,
SimulatedGREG,electron-vue,https://github.com/SimulatedGREG/electron-vue,15500.0,Babel,,,,
grab,front-end-guide,https://github.com/grab/front-end-guide,15100.0,Babel,,,,
jamiebuilds,babel-handbook,https://github.com/jamiebuilds/babel-handbook,12000.0,Babel,,,,
developit,htm,https://github.com/developit/htm,8700.0,Babel,,,,
grommet,grommet,https://github.com/grommet/grommet,8300.0,Babel,,,,
ben-rogerson,twin.macro,https://github.com/ben-rogerson/twin.macro,7900.0,Babel,,,,
ast-grep,ast-grep,https://github.com/ast-grep/ast-grep,7400.0,Babel,,,,
fkling,astexplorer,https://github.com/fkling/astexplorer,6200.0,Babel,,,,
angular-fullstack,generator-angular-fullstack,https://github.com/angular-fullstack/generator-angular-fullstack,6100.0,Babel,,,,
documentationjs,documentation,https://github.com/documentationjs/documentation,5800.0,Babel,,,,
thx,gogocode,https://github.com/thx/gogocode,5600.0,Babel,,,,
insin,nwb,https://github.com/insin/nwb,5600.0,Babel,,,,
thinkjs,thinkjs,https://github.com/thinkjs/thinkjs,5300.0,Babel,,,,
egoist,poi,https://github.com/egoist/poi,5200.0,Babel,,,,
duxianwei520,react,https://github.com/duxianwei520/react,5100.0,Babel,,,,
babel,babel-loader,https://github.com/babel/babel-loader,4800.0,Babel,,,,
jlevy,the-art-of-command-line,https://github.com/jlevy/the-art-of-command-line,153000.0,Bash,,,,
nvm-sh,nvm,https://github.com/nvm-sh/nvm,79800.0,Bash,,,,
junegunn,fzf,https://github.com/junegunn/fzf,65200.0,Bash,,,,
starship,starship,https://github.com/starship/starship,45000.0,Bash,,,,
google,zx,https://github.com/google/zx,43100.0,Bash,,,,
LeCoupa,awesome-cheatsheets,https://github.com/LeCoupa/awesome-cheatsheets,40200.0,Bash,,,,
acmesh-official,acme.sh,https://github.com/acmesh-official/acme.sh,39200.0,Bash,,,,
dylanaraps,pure-bash-bible,https://github.com/dylanaraps/pure-bash-bible,36500.0,Bash,,,,
koalaman,shellcheck,https://github.com/koalaman/shellcheck,36300.0,Bash,,,,
alebcay,awesome-shell,https://github.com/alebcay/awesome-shell,33100.0,Bash,,,,
jaywcjlove,linux-command,https://github.com/jaywcjlove/linux-command,31900.0,Bash,,,,
mathiasbynens,dotfiles,https://github.com/mathiasbynens/dotfiles,30300.0,Bash,,,,
withfig,autocomplete,https://github.com/withfig/autocomplete,24600.0,Bash,,,,
kingToolbox,WindTerm,https://github.com/kingToolbox/WindTerm,23100.0,Bash,,,,
ajeetdsouza,zoxide,https://github.com/ajeetdsouza/zoxide,22600.0,Bash,,,,
dylanaraps,neofetch,https://github.com/dylanaraps/neofetch,22100.0,Bash,,,,
asdf-vm,asdf,https://github.com/asdf-vm/asdf,22000.0,Bash,,,,
warpdotdev,Warp,https://github.com/warpdotdev/Warp,21300.0,Bash,,,,
atuinsh,atuin,https://github.com/atuinsh/atuin,20700.0,Bash,,,,
Nyr,openvpn-install,https://github.com/Nyr/openvpn-install,19200.0,Bash,,,,
bitcoin,bitcoin,https://github.com/bitcoin/bitcoin,79100.0,Bitcoin,,,,
ccxt,ccxt,https://github.com/ccxt/ccxt,32900.0,Bitcoin,,,,
freqtrade,freqtrade,https://github.com/freqtrade/freqtrade,28600.0,Bitcoin,,,,
bitcoinbook,bitcoinbook,https://github.com/bitcoinbook/bitcoinbook,23500.0,Bitcoin,,,,
HelloZeroNet,ZeroNet,https://github.com/HelloZeroNet/ZeroNet,18400.0,Bitcoin,,,,
solana-labs,solana,https://github.com/solana-labs/solana,13100.0,Bitcoin,,,,
bbfamily,abu,https://github.com/bbfamily/abu,12000.0,Bitcoin,,,,
askmike,gekko,https://github.com/askmike/gekko,10100.0,Bitcoin,,,,
hummingbot,hummingbot,https://github.com/hummingbot/hummingbot,8200.0,Bitcoin,,,,
dvf,blockchain,https://github.com/dvf/blockchain,7800.0,Bitcoin,,,,
lightningnetwork,lnd,https://github.com/lightningnetwork/lnd,7700.0,Bitcoin,,,,
UFund-Me,Qbot,https://github.com/UFund-Me/Qbot,7600.0,Bitcoin,,,,
spesmilo,electrum,https://github.com/spesmilo/electrum,7400.0,Bitcoin,,,,
getumbrel,umbrel,https://github.com/getumbrel/umbrel,7400.0,Bitcoin,,,,
lbryio,lbry-sdk,https://github.com/lbryio/lbry-sdk,7200.0,Bitcoin,,,,
yeasy,blockchain_guide,https://github.com/yeasy/blockchain_guide,6800.0,Bitcoin,,,,
btcpayserver,btcpayserver,https://github.com/btcpayserver/btcpayserver,6400.0,Bitcoin,,,,
btcsuite,btcd,https://github.com/btcsuite/btcd,6200.0,Bitcoin,,,,
bitcoinjs,bitcoinjs-lib,https://github.com/bitcoinjs/bitcoinjs-lib,5700.0,Bitcoin,,,,
jesse-ai,jesse,https://github.com/jesse-ai/jesse,5600.0,Bitcoin,,,,
twbs,bootstrap,https://github.com/twbs/bootstrap,171000.0,Bootstrap,,,,
ColorlibHQ,AdminLTE,https://github.com/ColorlibHQ/AdminLTE,44000.0,Bootstrap,,,,
tabler,tabler,https://github.com/tabler/tabler,38000.0,Bootstrap,,,,
mdbootstrap,mdb-ui-kit,https://github.com/mdbootstrap/mdb-ui-kit,24200.0,Bootstrap,,,,
react-bootstrap,react-bootstrap,https://github.com/react-bootstrap/react-bootstrap,22400.0,Bootstrap,,,,
ColorlibHQ,gentelella,https://github.com/ColorlibHQ/gentelella,21100.0,Bootstrap,,,,
verekia,js-stack-from-scratch,https://github.com/verekia/js-stack-from-scratch,20100.0,Bootstrap,,,,
thomaspark,bootswatch,https://github.com/thomaspark/bootswatch,14600.0,Bootstrap,,,,
bootstrap-vue,bootstrap-vue,https://github.com/bootstrap-vue/bootstrap-vue,14500.0,Bootstrap,,,,
selectize,selectize.js,https://github.com/selectize/selectize.js,13000.0,Bootstrap,,,,
uxsolutions,bootstrap-datepicker,https://github.com/uxsolutions/bootstrap-datepicker,12700.0,Bootstrap,,,,
coreui,coreui-free-bootstrap-admin-template,https://github.com/coreui/coreui-free-bootstrap-admin-template,12000.0,Bootstrap,,,,
wenzhixin,bootstrap-table,https://github.com/wenzhixin/bootstrap-table,11700.0,Bootstrap,,,,
Templarian,MaterialDesign,https://github.com/Templarian/MaterialDesign,11000.0,Bootstrap,,,,
reactstrap,reactstrap,https://github.com/reactstrap/reactstrap,10600.0,Bootstrap,,,,
snapappointments,bootstrap-select,https://github.com/snapappointments/bootstrap-select,9900.0,Bootstrap,,,,
StartBootstrap,startbootstrap-sb-admin-2,https://github.com/StartBootstrap/startbootstrap-sb-admin-2,9800.0,Bootstrap,,,,
mdbootstrap,material-design-for-bootstrap,https://github.com/mdbootstrap/material-design-for-bootstrap,9300.0,Bootstrap,,,,
ng-bootstrap,ng-bootstrap,https://github.com/ng-bootstrap/ng-bootstrap,8200.0,Bootstrap,,,,
cotes2020,jekyll-theme-chirpy,https://github.com/cotes2020/jekyll-theme-chirpy,7400.0,Bootstrap,,,,
ccxt,ccxt,https://github.com/ccxt/ccxt,32900.0,Bot,,,,
python-telegram-bot,python-telegram-bot,https://github.com/python-telegram-bot/python-telegram-bot,26200.0,Bot,,,,
discordjs,discord.js,https://github.com/discordjs/discord.js,25400.0,Bot,,,,
feder-cr,Auto_Jobs_Applier_AIHawk,https://github.com/feder-cr/Auto_Jobs_Applier_AIHawk,21200.0,Bot,,,,
wechaty,wechaty,https://github.com/wechaty/wechaty,20300.0,Bot,,,,
RasaHQ,rasa,https://github.com/RasaHQ/rasa,18900.0,Bot,,,,
InstaPy,InstaPy,https://github.com/InstaPy/InstaPy,16800.0,Bot,,,,
hubotio,hubot,https://github.com/hubotio/hubot,16700.0,Bot,,,,
pedroslopez,whatsapp-web.js,https://github.com/pedroslopez/whatsapp-web.js,15400.0,Bot,,,,
leon-ai,leon,https://github.com/leon-ai/leon,15400.0,Bot,,,,
Rapptz,discord.py,https://github.com/Rapptz/discord.py,14800.0,Bot,,,,
tgbot-collection,YYeTsBot,https://github.com/tgbot-collection/YYeTsBot,14200.0,Bot,,,,
gunthercox,ChatterBot,https://github.com/gunthercox/ChatterBot,14100.0,Bot,,,,
lss233,chatgpt-mirai-qq-bot,https://github.com/lss233/chatgpt-mirai-qq-bot,13200.0,Bot,,,,
howdyai,botkit,https://github.com/howdyai/botkit,11500.0,Bot,,,,
Mrs4s,go-cqhttp,https://github.com/Mrs4s/go-cqhttp,10400.0,Bot,,,,
sfyc23,EverydayWechat,https://github.com/sfyc23/EverydayWechat,10000.0,Bot,,,,
yagop,node-telegram-bot-api,https://github.com/yagop/node-telegram-bot-api,8400.0,Bot,,,,
telegraf,telegraf,https://github.com/telegraf/telegraf,8300.0,Bot,,,,
hummingbot,hummingbot,https://github.com/hummingbot/hummingbot,8200.0,Bot,,,,
practical-tutorials,project-based-learning,https://github.com/practical-tutorials/project-based-learning,203000.0,C++,,,,
CyC2018,CS-Notes,https://github.com/CyC2018/CS-Notes,177000.0,C++,,,,
fffaraz,awesome-cpp,https://github.com/fffaraz/awesome-cpp,59600.0,C++,,,,
azl397985856,leetcode,https://github.com/azl397985856/leetcode,54700.0,C++,,,,
youngyangyang04,leetcode-master,https://github.com/youngyangyang04/leetcode-master,51600.0,C++,,,,
WerWolv,ImHex,https://github.com/WerWolv/ImHex,44700.0,C++,,,,
x64dbg,x64dbg,https://github.com/x64dbg/x64dbg,44700.0,C++,,,,
Light-City,CPlusPlusThings,https://github.com/Light-City/CPlusPlusThings,39300.0,C++,,,,
ClickHouse,ClickHouse,https://github.com/ClickHouse/ClickHouse,37400.0,C++,,,,
huihut,interview,https://github.com/huihut/interview,34800.0,C++,,,,
carbon-language,carbon-lang,https://github.com/carbon-language/carbon-lang,32299.0,C++,,,,
doocs,leetcode,https://github.com/doocs/leetcode,31500.0,C++,,,,
CMU-Perceptual-Computing-Lab,openpose,https://github.com/CMU-Perceptual-Computing-Lab/openpose,31100.0,C++,,,,
TheAlgorithms,C-Plus-Plus,https://github.com/TheAlgorithms/C-Plus-Plus,30600.0,C++,,,,
microsoft,calculator,https://github.com/microsoft/calculator,29700.0,C++,,,,
aseprite,aseprite,https://github.com/aseprite/aseprite,29300.0,C++,,,,
dragonflydb,dragonfly,https://github.com/dragonflydb/dragonfly,25700.0,C++,,,,
gabime,spdlog,https://github.com/gabime/spdlog,24300.0,C++,,,,
changkun,modern-cpp-tutorial,https://github.com/changkun/modern-cpp-tutorial,24100.0,C++,,,,
ethereum,solidity,https://github.com/ethereum/solidity,23300.0,C++,,,,
Genymobile,scrcpy,https://github.com/Genymobile/scrcpy,111000.0,C,,,,
neovim,neovim,https://github.com/neovim/neovim,82900.0,C,,,,
obsproject,obs-studio,https://github.com/obsproject/obs-studio,60100.0,C,,,,
fffaraz,awesome-cpp,https://github.com/fffaraz/awesome-cpp,59600.0,C,,,,
git,git,https://github.com/git/git,52400.0,C,,,,
FFmpeg,FFmpeg,https://github.com/FFmpeg/FFmpeg,45700.0,C,,,,
serhii-londar,open-source-mac-os-apps,https://github.com/serhii-londar/open-source-mac-os-apps,41600.0,C,,,,
vim,vim,https://github.com/vim/vim,36500.0,C,,,,
curl,curl,https://github.com/curl/curl,35800.0,C,,,,
huihut,interview,https://github.com/huihut/interview,34800.0,C,,,,
mpv-player,mpv,https://github.com/mpv-player/mpv,28300.0,C,,,,
ggreer,the_silver_searcher,https://github.com/ggreer/the_silver_searcher,26200.0,C,,,,
ossrs,srs,https://github.com/ossrs/srs,25700.0,C,,,,
kovidgoyal,kitty,https://github.com/kovidgoyal/kitty,24400.0,C,,,,
google,flatbuffers,https://github.com/google/flatbuffers,23300.0,C,,,,
microsoft,vcpkg,https://github.com/microsoft/vcpkg,23100.0,C,,,,
raysan5,raylib,https://github.com/raysan5/raylib,22400.0,C,,,,
ruby,ruby,https://github.com/ruby/ruby,22100.0,C,,,,
hashcat,hashcat,https://github.com/hashcat/hashcat,21200.0,C,,,,
forthespada,CS-Books,https://github.com/forthespada/CS-Books,21100.0,C,,,,
jaywcjlove,linux-command,https://github.com/jaywcjlove/linux-command,31900.0,Chrome extension,,,,
refined-github,refined-github,https://github.com/refined-github/refined-github,24800.0,Chrome extension,,,,
openai-translator,openai-translator,https://github.com/openai-translator/openai-translator,23800.0,Chrome extension,,,,
darkreader,darkreader,https://github.com/darkreader/darkreader,19600.0,Chrome extension,,,,
dailydotdev,daily,https://github.com/dailydotdev/daily,18500.0,Chrome extension,,,,
gildas-lormeau,SingleFile,https://github.com/gildas-lormeau/SingleFile,15500.0,Chrome extension,,,,
checkly,headless-recorder,https://github.com/checkly/headless-recorder,15000.0,Chrome extension,,,,
immersive-translate,immersive-translate,https://github.com/immersive-translate/immersive-translate,14200.0,Chrome extension,,,,
unbug,codelf,https://github.com/unbug/codelf,14100.0,Chrome extension,,,,
wong2,chatgpt-google-extension,https://github.com/wong2/chatgpt-google-extension,13300.0,Chrome extension,,,,
Anarios,return-youtube-dislike,https://github.com/Anarios/return-youtube-dislike,12600.0,Chrome extension,,,,
alyssaxuu,screenity,https://github.com/alyssaxuu/screenity,12200.0,Chrome extension,,,,
crimx,ext-saladict,https://github.com/crimx/ext-saladict,12000.0,Chrome extension,,,,
AutomaApp,automa,https://github.com/AutomaApp/automa,11600.0,Chrome extension,,,,
listen1,listen1_chrome_extension,https://github.com/listen1/listen1_chrome_extension,11500.0,Chrome extension,,,,
PlasmoHQ,plasmo,https://github.com/PlasmoHQ/plasmo,10500.0,Chrome extension,,,,
ajayyy,SponsorBlock,https://github.com/ajayyy/SponsorBlock,10200.0,Chrome extension,,,,
chathub-dev,chathub,https://github.com/chathub-dev/chathub,10000.0,Chrome extension,,,,
josStorer,chatGPTBox,https://github.com/josStorer/chatGPTBox,10000.0,Chrome extension,,,,
xifangczy,cat-catch,https://github.com/xifangczy/cat-catch,9700.0,Chrome extension,,,,
electron,electron,https://github.com/electron/electron,114000.0,Chrome,,,,
puppeteer,puppeteer,https://github.com/puppeteer/puppeteer,88700.0,Chrome,,,,
microsoft,playwright,https://github.com/microsoft/playwright,66600.0,Chrome,,,,
FiloSottile,mkcert,https://github.com/FiloSottile/mkcert,49100.0,Chrome,,,,
jaywcjlove,linux-command,https://github.com/jaywcjlove/linux-command,31900.0,Chrome,,,,
ovity,octotree,https://github.com/ovity/octotree,22800.0,Chrome,,,,
feder-cr,Auto_Jobs_Applier_AIHawk,https://github.com/feder-cr/Auto_Jobs_Applier_AIHawk,21200.0,Chrome,,,,
segment-boneyard,nightmare,https://github.com/segment-boneyard/nightmare,19500.0,Chrome,,,,
gildas-lormeau,SingleFile,https://github.com/gildas-lormeau/SingleFile,15500.0,Chrome,,,,
GoogleChrome,chrome-extensions-samples,https://github.com/GoogleChrome/chrome-extensions-samples,15400.0,Chrome,,,,
checkly,headless-recorder,https://github.com/checkly/headless-recorder,15000.0,Chrome,,,,
google,WebFundamentals,https://github.com/google/WebFundamentals,13900.0,Chrome,,,,
schickling,chromeless,https://github.com/schickling/chromeless,13200.0,Chrome,,,,
crimx,ext-saladict,https://github.com/crimx/ext-saladict,12000.0,Chrome,,,,
casesandberg,react-color,https://github.com/casesandberg/react-color,12000.0,Chrome,,,,
MetaMask,metamask-extension,https://github.com/MetaMask/metamask-extension,12000.0,Chrome,,,,
chromedp,chromedp,https://github.com/chromedp/chromedp,11000.0,Chrome,,,,
moonD4rk,HackBrowserData,https://github.com/moonD4rk/HackBrowserData,10900.0,Chrome,,,,
ajayyy,SponsorBlock,https://github.com/ajayyy/SponsorBlock,10200.0,Chrome,,,,
ultrafunkamsterdam,undetected-chromedriver,https://github.com/ultrafunkamsterdam/undetected-chromedriver,9900.0,Chrome,,,,
metabase,metabase,https://github.com/metabase/metabase,38600.0,Clojure,,,,
penpot,penpot,https://github.com/penpot/penpot,33500.0,Clojure,,,,
logseq,logseq,https://github.com/logseq/logseq,32700.0,Clojure,,,,
deeplearning4j,deeplearning4j,https://github.com/deeplearning4j/deeplearning4j,13700.0,Clojure,,,,
LightTable,LightTable,https://github.com/LightTable/LightTable,11700.0,Clojure,,,,
kanaka,mal,https://github.com/kanaka/mal,10100.0,Clojure,,,,
lk-geimfari,awesomo,https://github.com/lk-geimfari/awesomo,9400.0,Clojure,,,,
tonsky,datascript,https://github.com/tonsky/datascript,5500.0,Clojure,,,,
reagent-project,reagent,https://github.com/reagent-project/reagent,4800.0,Clojure,,,,
izhangzhihao,intellij-rainbow-brackets,https://github.com/izhangzhihao/intellij-rainbow-brackets,4500.0,Clojure,,,,
defold,defold,https://github.com/defold/defold,4300.0,Clojure,,,,
riemann,riemann,https://github.com/riemann/riemann,4200.0,Clojure,,,,
weavejester,compojure,https://github.com/weavejester/compojure,4100.0,Clojure,,,,
babashka,babashka,https://github.com/babashka/babashka,4100.0,Clojure,,,,
bbatsov,clojure-style-guide,https://github.com/bbatsov/clojure-style-guide,4000.0,Clojure,,,,
status-im,status-mobile,https://github.com/status-im/status-mobile,3900.0,Clojure,,,,
ring-clojure,ring,https://github.com/ring-clojure/ring,3800.0,Clojure,,,,
clojure-emacs,cider,https://github.com/clojure-emacs/cider,3500.0,Clojure,,,,
viebel,klipse,https://github.com/viebel/klipse,3100.0,Clojure,,,,
tallesl,Rich-Hickey-fanclub,https://github.com/tallesl/Rich-Hickey-fanclub,3000.0,Clojure,,,,
realm,SwiftLint,https://github.com/realm/SwiftLint,18700.0,Code quality,,,,
facebook,infer,https://github.com/facebook/infer,15000.0,Code quality,,,,
analysis-tools-dev,static-analysis,https://github.com/analysis-tools-dev/static-analysis,13300.0,Code quality,,,,
federico-busato,Modern-CPP-Programming,https://github.com/federico-busato/Modern-CPP-Programming,12000.0,Code quality,,,,
Kristories,awesome-guidelines,https://github.com/Kristories/awesome-guidelines,9800.0,Code quality,,,,
super-linter,super-linter,https://github.com/super-linter/super-linter,9500.0,Code quality,,,,
SonarSource,sonarqube,https://github.com/SonarSource/sonarqube,9000.0,Code quality,,,,
checkstyle,checkstyle,https://github.com/checkstyle/checkstyle,8300.0,Code quality,,,,
reviewdog,reviewdog,https://github.com/reviewdog/reviewdog,7900.0,Code quality,,,,
facebook,pyre-check,https://github.com/facebook/pyre-check,6900.0,Code quality,,,,
detekt,detekt,https://github.com/detekt/detekt,6300.0,Code quality,,,,
trekhleb,state-of-the-art-shitcode,https://github.com/trekhleb/state-of-the-art-shitcode,5600.0,Code quality,,,,
import-js,eslint-plugin-import,https://github.com/import-js/eslint-plugin-import,5500.0,Code quality,,,,
pylint-dev,pylint,https://github.com/pylint-dev/pylint,5300.0,Code quality,,,,
pmd,pmd,https://github.com/pmd/pmd,4900.0,Code quality,,,,
simplecov-ruby,simplecov,https://github.com/simplecov-ruby/simplecov,4800.0,Code quality,,,,
kucherenko,jscpd,https://github.com/kucherenko/jscpd,4700.0,Code quality,,,,
phpro,grumphp,https://github.com/phpro/grumphp,4100.0,Code quality,,,,
htmlhint,HTMLHint,https://github.com/htmlhint/HTMLHint,3100.0,Code quality,,,,
crate-ci,typos,https://github.com/crate-ci/typos,2600.0,Code quality,,,,
ovity,octotree,https://github.com/ovity/octotree,22800.0,Code review,,,,
gitpod-io,gitpod,https://github.com/gitpod-io/gitpod,12900.0,Code review,,,,
reviewdog,reviewdog,https://github.com/reviewdog/reviewdog,7900.0,Code review,,,,
Codium-ai,pr-agent,https://github.com/Codium-ai/pr-agent,5900.0,Code review,,,,
danger,danger,https://github.com/danger/danger,5500.0,Code review,,,,
danger,danger-js,https://github.com/danger/danger-js,5300.0,Code review,,,,
joho,awesome-code-review,https://github.com/joho/awesome-code-review,4400.0,Code review,,,,
ajinabraham,nodejsscan,https://github.com/ajinabraham/nodejsscan,2400.0,Code review,,,,
microsoft,vscode-pull-request-github,https://github.com/microsoft/vscode-pull-request-github,2300.0,Code review,,,,
crev-dev,cargo-crev,https://github.com/crev-dev/cargo-crev,2100.0,Code review,,,,
houndci,hound,https://github.com/houndci/hound,2000.0,Code review,,,,
mbj,mutant,https://github.com/mbj/mutant,2000.0,Code review,,,,
Tencent,CodeAnalysis,https://github.com/Tencent/CodeAnalysis,1700.0,Code review,,,,
mattzcarey,code-review-gpt,https://github.com/mattzcarey/code-review-gpt,1600.0,Code review,,,,
reviewboard,reviewboard,https://github.com/reviewboard/reviewboard,1600.0,Code review,,,,
coderabbitai,ai-pr-reviewer,https://github.com/coderabbitai/ai-pr-reviewer,1500.0,Code review,,,,
ryanmcdermott,code-review-tips,https://github.com/ryanmcdermott/code-review-tips,1500.0,Code review,,,,
bit4woo,python_sec,https://github.com/bit4woo/python_sec,1300.0,Code review,,,,
code-review-checklists,java-concurrency,https://github.com/code-review-checklists/java-concurrency,1300.0,Code review,,,,
jiangsir404,Audit-Learning,https://github.com/jiangsir404/Audit-Learning,967.0,Code review,,,,
ohmyzsh,ohmyzsh,https://github.com/ohmyzsh/ohmyzsh,174000.0,Command-line interface,,,,
junegunn,fzf,https://github.com/junegunn/fzf,65200.0,Command-line interface,,,,
sherlock-project,sherlock,https://github.com/sherlock-project/sherlock,59900.0,Command-line interface,,,,
jesseduffield,lazygit,https://github.com/jesseduffield/lazygit,52600.0,Command-line interface,,,,
sharkdp,bat,https://github.com/sharkdp/bat,49400.0,Command-line interface,,,,
BurntSushi,ripgrep,https://github.com/BurntSushi/ripgrep,48500.0,Command-line interface,,,,
n8n-io,n8n,https://github.com/n8n-io/n8n,47900.0,Command-line interface,,,,
wagoodman,dive,https://github.com/wagoodman/dive,46100.0,Command-line interface,,,,
google,zx,https://github.com/google/zx,43100.0,Command-line interface,,,,
chubin,cheat.sh,https://github.com/chubin/cheat.sh,38400.0,Command-line interface,,,,
spf13,cobra,https://github.com/spf13/cobra,38100.0,Command-line interface,,,,
cli,cli,https://github.com/cli/cli,37200.0,Command-line interface,,,,
sharkdp,fd,https://github.com/sharkdp/fd,33900.0,Command-line interface,,,,
httpie,cli,https://github.com/httpie/cli,33800.0,Command-line interface,,,,
All-Hands-AI,OpenHands,https://github.com/All-Hands-AI/OpenHands,33300.0,Command-line interface,,,,
alebcay,awesome-shell,https://github.com/alebcay/awesome-shell,33100.0,Command-line interface,,,,
ibraheemdev,modern-unix,https://github.com/ibraheemdev/modern-unix,30900.0,Command-line interface,,,,
tqdm,tqdm,https://github.com/tqdm/tqdm,28600.0,Command-line interface,,,,
acheong08,ChatGPT,https://github.com/acheong08/ChatGPT,28000.0,Command-line interface,,,,
charmbracelet,bubbletea,https://github.com/charmbracelet/bubbletea,27700.0,Command-line interface,,,,
vercel,next.js,https://github.com/vercel/next.js,127000.0,Compiler,,,,
rust-lang,rust,https://github.com/rust-lang/rust,98100.0,Compiler,,,,
sveltejs,svelte,https://github.com/sveltejs/svelte,79700.0,Compiler,,,,
webpack,webpack,https://github.com/webpack/webpack,64700.0,Compiler,,,,
FuelLabs,sway,https://github.com/FuelLabs/sway,62600.0,Compiler,,,,
gatsbyjs,gatsby,https://github.com/gatsbyjs/gatsby,55300.0,Compiler,,,,
JetBrains,kotlin,https://github.com/JetBrains/kotlin,49300.0,Compiler,,,,
parcel-bundler,parcel,https://github.com/parcel-bundler/parcel,43500.0,Compiler,,,,
babel,babel,https://github.com/babel/babel,43200.0,Compiler,,,,
evanw,esbuild,https://github.com/evanw/esbuild,38100.0,Compiler,,,,
vlang,v,https://github.com/vlang/v,35800.0,Compiler,,,,
ziglang,zig,https://github.com/ziglang/zig,34700.0,Compiler,,,,
typst,typst,https://github.com/typst/typst,34600.0,Compiler,,,,
markedjs,marked,https://github.com/markedjs/marked,33100.0,Compiler,,,,
carbon-language,carbon-lang,https://github.com/carbon-language/carbon-lang,32299.0,Compiler,,,,
swc-project,swc,https://github.com/swc-project/swc,31200.0,Compiler,,,,
vercel,pkg,https://github.com/vercel/pkg,24300.0,Compiler,,,,
v8,v8,https://github.com/v8/v8,23400.0,Compiler,,,,
oracle,graal,https://github.com/oracle/graal,20400.0,Compiler,,,,
crystal-lang,crystal,https://github.com/crystal-lang/crystal,19400.0,Compiler,,,,
localstack,localstack,https://github.com/localstack/localstack,56100.0,Continuous integration,,,,
harness,harness,https://github.com/harness/harness,32200.0,Continuous integration,,,,
jenkinsci,jenkins,https://github.com/jenkinsci/jenkins,23200.0,Continuous integration,,,,
auchenberg,volkswagen,https://github.com/auchenberg/volkswagen,14300.0,Continuous integration,,,,
milanm,DevOps-Roadmap,https://github.com/milanm/DevOps-Roadmap,12300.0,Continuous integration,,,,
dagger,dagger,https://github.com/dagger/dagger,11400.0,Continuous integration,,,,
openshift,origin,https://github.com/openshift/origin,8500.0,Continuous integration,,,,
concourse,concourse,https://github.com/concourse/concourse,7400.0,Continuous integration,,,,
gocd,gocd,https://github.com/gocd/gocd,7100.0,Continuous integration,,,,
buildbot,buildbot,https://github.com/buildbot/buildbot,5300.0,Continuous integration,,,,
gaia-pipeline,gaia,https://github.com/gaia-pipeline/gaia,5200.0,Continuous integration,,,,
Flagsmith,flagsmith,https://github.com/Flagsmith/flagsmith,4800.0,Continuous integration,,,,
Strider-CD,strider,https://github.com/Strider-CD/strider,4600.0,Continuous integration,,,,
ovh,cds,https://github.com/ovh/cds,4600.0,Continuous integration,,,,
jenkins-x,jx,https://github.com/jenkins-x/jx,4600.0,Continuous integration,,,,
TheLartians,ModernCppStarter,https://github.com/TheLartians/ModernCppStarter,4400.0,Continuous integration,,,,
JamesIves,github-pages-deploy-action,https://github.com/JamesIves/github-pages-deploy-action,4300.0,Continuous integration,,,,
werf,werf,https://github.com/werf/werf,4200.0,Continuous integration,,,,
iterative,cml,https://github.com/iterative/cml,4000.0,Continuous integration,,,,
xcpretty,xcpretty,https://github.com/xcpretty/xcpretty,3900.0,Continuous integration,,,,
bitcoin,bitcoin,https://github.com/bitcoin/bitcoin,79100.0,Cryptocurrency,,,,
OpenBB-finance,OpenBB,https://github.com/OpenBB-finance/OpenBB,33500.0,Cryptocurrency,,,,
ccxt,ccxt,https://github.com/ccxt/ccxt,32900.0,Cryptocurrency,,,,
freqtrade,freqtrade,https://github.com/freqtrade/freqtrade,28600.0,Cryptocurrency,,,,
dogecoin,dogecoin,https://github.com/dogecoin/dogecoin,14500.0,Cryptocurrency,,,,
monero-project,monero,https://github.com/monero-project/monero,9000.0,Cryptocurrency,,,,
xmrig,xmrig,https://github.com/xmrig/xmrig,8700.0,Cryptocurrency,,,,
hummingbot,hummingbot,https://github.com/hummingbot/hummingbot,8200.0,Cryptocurrency,,,,
dvf,blockchain,https://github.com/dvf/blockchain,7800.0,Cryptocurrency,,,,
kroma-network,tachyon,https://github.com/kroma-network/tachyon,7800.0,Cryptocurrency,,,,
lightningnetwork,lnd,https://github.com/lightningnetwork/lnd,7700.0,Cryptocurrency,,,,
StockSharp,StockSharp,https://github.com/StockSharp/StockSharp,7200.0,Cryptocurrency,,,,
lbryio,lbry-sdk,https://github.com/lbryio/lbry-sdk,7200.0,Cryptocurrency,,,,
firmai,financial-machine-learning,https://github.com/firmai/financial-machine-learning,7100.0,Cryptocurrency,,,,
cosmos,cosmos-sdk,https://github.com/cosmos/cosmos-sdk,6200.0,Cryptocurrency,,,,
sammchardy,python-binance,https://github.com/sammchardy/python-binance,6100.0,Cryptocurrency,,,,
tendermint,tendermint,https://github.com/tendermint/tendermint,5700.0,Cryptocurrency,,,,
jesse-ai,jesse,https://github.com/jesse-ai/jesse,5600.0,Cryptocurrency,,,,
sea-protocol,seaprotocol,https://github.com/sea-protocol/seaprotocol,5100.0,Cryptocurrency,,,,
mimblewimble,grin,https://github.com/mimblewimble/grin,5000.0,Cryptocurrency,,,,
crystal-lang,crystal,https://github.com/crystal-lang/crystal,19400.0,Crystal,,,,
kemalcr,kemal,https://github.com/kemalcr/kemal,3600.0,Crystal,,,,
veelenga,awesome-crystal,https://github.com/veelenga/awesome-crystal,3400.0,Crystal,,,,
luckyframework,lucky,https://github.com/luckyframework/lucky,2600.0,Crystal,,,,
amberframework,amber,https://github.com/amberframework/amber,2600.0,Crystal,,,,
vitobotta,hetzner-k3s,https://github.com/vitobotta/hetzner-k3s,1900.0,Crystal,,,,
getmango,Mango,https://github.com/getmango/Mango,1700.0,Crystal,,,,
ffwff,lilith,https://github.com/ffwff/lilith,1100.0,Crystal,,,,
drujensen,fib,https://github.com/drujensen/fib,862.0,Crystal,,,,
hanabi1224,Programming-Language-Benchmarks,https://github.com/hanabi1224/Programming-Language-Benchmarks,650.0,Crystal,,,,
amethyst-framework,amethyst,https://github.com/amethyst-framework/amethyst,649.0,Crystal,,,,
owasp-noir,noir,https://github.com/owasp-noir/noir,565.0,Crystal,,,,
askn,crystal-by-example,https://github.com/askn/crystal-by-example,549.0,Crystal,,,,
crystal-ameba,ameba,https://github.com/crystal-ameba/ameba,520.0,Crystal,,,,
crystal-community,icr,https://github.com/crystal-community/icr,505.0,Crystal,,,,
will,crystal-pg,https://github.com/will/crystal-pg,463.0,Crystal,,,,
elbywan,crystalline,https://github.com/elbywan/crystalline,441.0,Crystal,,,,
martenframework,marten,https://github.com/martenframework/marten,424.0,Crystal,,,,
imdrasil,jennifer.cr,https://github.com/imdrasil/jennifer.cr,418.0,Crystal,,,,
vim-crystal,vim-crystal,https://github.com/vim-crystal/vim-crystal,416.0,Crystal,,,,
,,,,topics,0.0,3D,"3D refers to the use of three-dimensional graphics, modeling, and animation in various industries.",https://github.com/topics/3d
,,,,topics,1.0,Ajax,Ajax is a technique for creating interactive web applications.,https://github.com/topics/ajax
,,,,topics,2.0,Algorithm,Algorithms are self-contained sequences that carry out a variety of tasks.,https://github.com/topics/algorithm
,,,,topics,3.0,Amp,Amp is a non-blocking concurrency library for PHP.,https://github.com/topics/amphp
,,,,topics,4.0,Android,Android is an operating system built by Google designed for mobile devices.,https://github.com/topics/android
,,,,topics,5.0,Angular,Angular is an open source web application platform.,https://github.com/topics/angular
,,,,topics,6.0,Ansible,Ansible is a simple and powerful automation engine.,https://github.com/topics/ansible
,,,,topics,7.0,API,An API (Application Programming Interface) is a collection of protocols and subroutines for building software.,https://github.com/topics/api
,,,,topics,8.0,Arduino,Arduino is an open source platform for building electronic devices.,https://github.com/topics/arduino
,,,,topics,9.0,ASP.NET,ASP.NET is a web framework for building modern web apps and services.,https://github.com/topics/aspnet
,,,,topics,10.0,Awesome Lists,An awesome list is a list of awesome things curated by the community.,https://github.com/topics/awesome
,,,,topics,11.0,Amazon Web Services,Amazon Web Services provides on-demand cloud computing platforms on a subscription basis.,https://github.com/topics/aws
,,,,topics,12.0,Azure,Azure is a cloud computing service created by Microsoft.,https://github.com/topics/azure
,,,,topics,13.0,Babel,"Babel is a compiler for writing next generation JavaScript, today.",https://github.com/topics/babel
,,,,topics,14.0,Bash,Bash is a shell and command language interpreter for the GNU operating system.,https://github.com/topics/bash
,,,,topics,15.0,Bitcoin,Bitcoin is a cryptocurrency developed by Satoshi Nakamoto.,https://github.com/topics/bitcoin
,,,,topics,16.0,Bootstrap,"Bootstrap is an HTML, CSS, and JavaScript framework.",https://github.com/topics/bootstrap
,,,,topics,17.0,Bot,A bot is an application that runs automated tasks over the Internet.,https://github.com/topics/bot
,,,,topics,18.0,C,C is a general purpose programming language that first appeared in 1972.,https://github.com/topics/c
,,,,topics,19.0,Chrome,Chrome is a web browser from the tech company Google.,https://github.com/topics/chrome
,,,,topics,20.0,Chrome extension,Chrome extensions enable users to customize the Chrome browsing experience.,https://github.com/topics/chrome-extension
,,,,topics,21.0,Command-line interface,"A CLI, or command-line interface, is a console that helps users issue commands to a program.",https://github.com/topics/cli
,,,,topics,22.0,Clojure,"Clojure is a dynamic, general-purpose programming language.",https://github.com/topics/clojure
,,,,topics,23.0,Code quality,"Automate your code review with style, quality, security, and testcoverage checks when you need them.",https://github.com/topics/code-quality
,,,,topics,24.0,Code review,Ensure your code meets quality standards and ship with confidence.,https://github.com/topics/code-review
,,,,topics,25.0,Compiler,Compilers are software that translate higher-level programming languages to lower-level languages (e.g. machine code).,https://github.com/topics/compiler
,,,,topics,26.0,Continuous integration,"Automatically build and test your code as you push it upstream, preventing bugs from being deployed to production.",https://github.com/topics/continuous-integration
,,,,topics,27.0,C++,C++ is a general purpose and object-oriented programming language.,https://github.com/topics/cpp
,,,,topics,28.0,Cryptocurrency,A cryptocurrency is a digital currency that uses cryptography.,https://github.com/topics/cryptocurrency
,,,,topics,29.0,Crystal,"Crystal is a self-hosted, general purpose programming language.",https://github.com/topics/crystal
